AndrewF70964168,0,0,,False,1
claz008,6,6,"Richmond, North Yorkshire",False,2
elhajji84557138,4,21,,False,3
troy48489952,0,0,,False,4
ACR46692765,0,0,,False,5
poet_lone,0,0,,False,6
dawlphin,0,0,,False,7
peristere,17,0,"Los Angeles, CA",False,8
zpzim,1,0,,False,9
MichaelVghn,3,52,,False,10
ryancom62322720,0,0,,False,11
ChrisPa46106462,2,2,,False,12
jamieheidter,9837,120,IG: jdheidt,False,13
LukeWitherspon,8,1,,False,14
forever_nukem,52,30,,False,15
u7PstCiXoefrUIG,0,0,,False,16
Jad_Khechen,180,561,,True,17
lewdsaff,28,130,,False,18
gavanernst_,1,58,,True,19
Bob_IgerDisney,1,2,,False,20
BenWalk45522456,2,0,,False,21
Harisha79510688,0,0,,False,22
Bcazboy,459,4460,,False,23
Hashbrasch1,0,0,,False,24
AmeliaSingh04,3,2,Why'd you wanna know?,False,25
TianaCarroll17,0,0,"San Francisco, CA",False,26
Foam_Banana,16,654,"Connecticut, USA",False,27
pampana_y,0,1,Austria,False,28
TheistChristian,23,14,,False,29
lorenzolors1,0,0,,False,30
CarlosM76623645,1,0,,False,31
Noah_beeuwsaert,2,52,,False,32
GabrielBarrios,1,22,"Houston, TX",False,33
QSmith33248042,2,0,,False,34
Charles57841379,0,0,,False,35
gustavo25011946,0,2,,False,36
GeoZen1985,1,82,"Milano, Lombardia",False,37
zakiangelman,22,6,Alger,False,38
conorodea22,0,0,,False,39
johnway63477162,0,2,,False,40
AawiCj1UqlvC0cP,0,0,,False,41
mugreadray,55,483,اليمن,False,42
WeldenVerdun,0,0,,False,43
magalydelgado6,447,1819,"Birmingham, AL",True,44
fernandotbe,17,141,,False,45
SodomySquirrel,8,50,,False,46
NidhinJ39091389,0,0,,False,47
_cpost,31,3,"New York, NY",False,48
Ivan63351842,0,0,,False,49
Ovx1UmlGRFgKcrU,0,0,,False,50
MRnd64,0,0,,False,51
JoseMan29245264,0,0,,False,52
1derbread1,0,0,,False,53
lf_ulisse,72,97,"Santiago, Chile",True,54
Koji08063426,1,6,,False,55
Louis42840130,0,0,,False,56
GizzwahSCP,82,1896,"Petit Quevilly, France",False,57
AdyaPanchal,32,22,,False,58
NgongaSebastiao,0,0,,False,59
Khromaa,2,8,,False,60
hailie_neaves,30,77,"Simpsonville, SC",False,61
DragosBalanici1,0,0,,False,62
JustVolfor,6,226,"Ukraine, Cherkassy",False,63
Davidli58217474,0,0,,False,64
Luciana99759645,0,0,,False,65
alt4politics,0,4,,False,66
chari_great,0,0,,False,67
TheBaconnatorYT,130,1472,United States,True,68
RachelPrichard4,0,0,,False,69
jorgeg_valle,2,4,,False,70
alissajwest,213,1911,"Houston, TX",True,71
LaVitaCocca,80,1224,"Green Island, NY",True,72
Rerix4,1,0,,False,73
Lunaop4,1,0,,False,74
EmporioLui,0,0,,False,75
lisacottage,5,157,,False,76
Rothchi06345880,2,0,,False,77
WilliamsFerdy,66,551,Abuja,True,78
taiwo28852417,0,0,,False,79
therainofrose,85,67,"Diyarbakır, Türkiye",False,80
PureAnon1,1,0,,False,81
Siddhar34484661,1,0,,False,82
TZbmC5HJDe91pMS,0,0,,False,83
satanic_teddy,30,86,,False,84
rjejanssen,29,16,Maastricht,False,85
zeinanina,109,814,"Vienna, Austria",False,86
pisicoin,108,4,,False,87
armandom420,746,33759,Fontana,True,88
Kieron63641534,1,0,,False,89
OrondeSmith2,0,0,,False,90
MonfaredArya,1,0,,False,91
3rr0rmusic,5,6,"England, United Kingdom",False,92
ChristianGabor9,0,0,,False,93
Paige__Michaela,530,13998,"Washington, D.C.",True,94
LilySalem6,0,0,,False,95
Besloor,58,203,,False,96
g_vincere,0,1,,False,97
firert4groot,0,1,,False,98
DavidSt51690465,0,0,"Portland, OR",False,99
ArseninV,1,1,,False,100
JoyfulMamaof3,33,147,"Murrieta, CA",False,101
arez48269216,1,1,,False,102
Cyrus14226349,0,0,,False,103
SkyHigh4147,20,463,Colorado,False,104
AworindeWareez,1,1,,False,105
gecmisinmucidii,871,2204,"İstanbul, Türkiye",True,106
JeremyF18624101,4,21,,False,107
Sjsjk57446455,5,33,,False,108
Indigo_Child98,105,661,,False,109
IJustHateWomen,0,5,,False,110
fuel_io,9,0,,False,111
muricandoggov2,1,4,,False,112
DiamondSonic006,8,461,"England, United Kingdom",False,113
JoeyDeLuke3,2,0,,False,114
jaraminya,57,1045,"New York, USA",False,115
talesofthecryp2,16,5,,False,116
JessicaMinnueth,26,209,Mexico,False,117
hmugica,43,173,Chicago,True,118
ggyyxxtwintee,2,0,,False,119
sarrateanorris,9,24,,False,120
Daniel_110901,1,0,,False,121
Marcus56992888,2,0,"Flyinge, Sverige",False,122
TopherChriis,24,119,Martinique,False,123
JuanesC99z,8,22,"Bogotá, D.C., Colombia",False,124
SteveToltesi,545,3818,"Allen Park, Michigan",True,125
RemiCorbinaud,65,2965,,True,126
AyceErsoy,13,3,"Wien, Österreich",False,127
Nathaan_Frr,24,310,,False,128
Bolaji51954254,1,0,,False,129
TimoKabe,63,51,Deutschland,False,130
raymond44228407,1,1,,False,131
Ariana99482280,3,0,"San Diego, CA",False,132
BTC4USD,14035,16386,"Coín, España",False,133
Hokikaii,21,16,,False,134
God34590951,1,0,,False,135
ZileMireya,2,0,,False,136
Xfe4GhZ0pVHG0pr,1,0,,False,137
LrRossa,421,7355,"Kalmthout, België",True,138
JamesGr48228341,36,441,"London, England",False,139
WesDones,0,1,,False,140
bianchilucas_,0,2,,False,141
AidanToncheff,0,0,,False,142
matthewbishopp1,2,0,,False,143
MikeyD95576151,1,0,"Missouri, USA",False,144
Parvath89152586,1,0,,False,145
gcmercury23,3,0,San Francisco,False,146
LKrugelis,0,0,,False,147
Levia_Draconia,2042,4766,Germany,False,148
gRZWvuKVFEuUHt1,0,0,,False,149
aubs____,1,6,,False,150
100powers,0,1,,False,151
c_arauz22,1,0,,False,152
IIDeimosII,1,1,,False,153
negromorfo4,0,0,,False,154
MakryakZigzag,0,0,,False,155
investi26511479,1,0,,False,156
gmoney09_,350,194,,True,157
dllnotfound1,0,0,,False,158
Wandere67634622,1,0,,False,159
eliasVieira155,45,258,"Porto Velho, Brasil",False,160
buenonote,247,3676,BC,True,161
Retashad1,0,4,,False,162
BairdBraden,0,0,,False,163
NTurnmire,84,714,,True,164
isidakalaja,5,25,Ireland,False,165
geegreda,398,4753,,False,166
minedframe88,0,0,,False,167
jonasaahoie,35,67,,True,168
Blumenkohl_,11,3,,False,169
LeonSeifers,43,69,"Terre Haute, IN",False,170
bairesalyciab,1,3,"Dacula, GA",False,171
Hans56030407,0,0,Østerbronx,False,172
Frank_Donley5,46,603,"Bethlehem, PA",False,173
blanket_bear_em,0,2,,False,174
arcticbadabam,4,111,,False,175
AK14006192,2,0,Republic of Slovenia,False,176
Sandeeee7,2,0,,False,177
zachary60008027,2,1,,False,178
3kQizmeQvdOWB8B,0,0,Ukraine,False,179
turikaratop5,299,2311,istanbul,True,180
Ubaid2428,6,2,"Islamabad, Pakistan",False,181
przyczynski12,10,29,"Novo Hamburgo, Brasil",False,182
gribb710,2,1,,False,183
AlejandroOstrin,1,0,,False,184
HaigEsq,31,13,,False,185
rcynv,2,145,,False,186
luke_berrie,27,110,"East Midlands, England",False,187
Shep80435292,0,1,,False,188
schtibal1,0,0,,False,189
Luke64409543,0,0,,False,190
jettysuntara,6,47,"Planet Earth, Milky Way Galaxy",False,191
Tiago27Cruz_,10,33,"Oporto, Portugal",False,192
xP_d_leyva,92,1399,,True,193
TatayZune,0,1,,False,194
titi_ldl,50,154,"Seine-Maritime, Haute-Normandi",False,195
weilis_art,32,94,Deutschland,False,196
integra1978,9,3531,thailand,True,197
parkrabeten,1,0,,False,198
mrgrt_cree,34,75,"Minsk, Belarus",False,199
JigarSh80991200,1,0,,False,200
Rebecca45638657,0,0,,False,201
EnglesSamuel,18,0,,False,202
EskiciogluNecip,0,0,,False,203
ambersgouda,0,0,,False,204
Guiller67185242,0,0,,False,205
cattutu91,11,24,,False,206
olleollson02,2,1,,False,207
gamgams6969,37,98,mono,False,208
MattNiblick,13,36,,False,209
Mernoid,16,479,,False,210
ozerfen,283,210,,True,211
idaarc,4,11,"Stjørdal, Norge",False,212
FrancisUgbeikwu,443,799,"London, United Kingdom",True,213
OLEPHILIPAXE,18,84,"Bergen, Norge",False,214
ColinBowden8,1,0,,False,215
ffff5565977433,0,0,,False,216
ActionPlan5,0,1,United States,False,217
1MrPurge1,6,26,Trap,False,218
berataktepe_,112,272,,False,219
CherylJ87432002,0,0,,False,220
Sandritachinch1,1,0,,False,221
ThatLocalTHOTTY,488,15633,"New Jersey, USA",True,222
CRNU11,0,5,,False,223
LachelleShanaz,0,1,,False,224
SandraJ49742176,0,2,,False,225
AdamVevle,0,2,,False,226
Averytuffpotato,11,162,"Utah, USA",False,227
IrisRapoport,0,0,Montre,False,228
bigboi_1400,1,0,,False,229
nemognj,55,4,,False,230
____takn____,75,119,,False,231
pellex0,7,4,,False,232
hamis1444,0,0,,False,233
marktama11,71,459,,False,234
JCcastagne,75,3051,,True,235
Kaushalvarma11,0,1,,False,236
opthof_adrian,0,0,,False,237
GreenAlsoQuinn,62,1007,"Chicago, IL",False,238
CaPaRich22,2,0,,False,239
BowserSensei,120,523,,False,240
BlurRogue,56,727,,False,241
MariaJa69657867,0,0,,False,242
LunaIlovemyself,2,39,,False,243
JB10berenice,1,0,,False,244
baseballbabeyeg,0,0,,False,245
mminer106,244,1276,,True,246
skinnycoolkid,263,555,"Narberth, PA",False,247
Ties36424995,0,0,,False,248
janbreeman48,2,21,,False,249
deguxman1,0,0,Republic of the Philippines,False,250
JesinthaRizal,2,1,,False,251
wahyuilhm,0,0,,False,252
Terehuergo,49,131,,False,253
mediaanthrowhee,4,14,"Denver, CO",False,254
themertucar,1,1,"İstanbul, Türkiye",False,255
WawaNessler,97,1840,"Nice, France",False,256
dartbark,2,0,,False,257
ThomasB0607,0,0,,False,258
Brutalrific,9,203,,False,259
Emmaco15957800,0,0,,False,260
Kingcars0nn,42,50,,False,261
ZeinaAh49612706,0,0,"Vienna, Austria",False,262
NachoSchmidt,136,1181,,False,263
Yash__7,13,5,,False,264
BuildViable,0,0,,False,265
saha2001sawa,3,135,,False,266
Niajax46102518,0,0,,False,267
P4W15,0,0,,False,268
Ethan18615564,0,4,,False,269
Yatvlav0zvZfJql,0,0,,False,270
Kobe57090578,0,0,,False,271
MorganL04980877,95,208,"Ammanford, Wales",False,272
ChanPlanta,0,0,,False,273
Ldzldz1,0,0,,False,274
NoHaxJustJeff,5,28,,False,275
Ruckuss6988,4,0,,False,276
Realrrica,32,40,,False,277
riyahbrattt,0,0,,False,278
Emptybluegmatic,1,0,S,False,279
CryptoKenzie,418,6657,NoWhere,True,280
elvie44238452,2,5,,False,281
TimothyBurgess,243,3203,"Medford, MA",True,282
SurawaMurinari,2,98,"Няндомский район, Россия",False,283
Shayy_TV,126,639,,False,284
SteveSm15604188,0,0,,False,285
LolaVernet2,22,32,,False,286
GiulianoAmati,21,441,,False,287
ana1fuc,14,184,,False,288
lmaobich,0,2,no,False,289
B694Spartan,0,0,,False,290
binulalpb,7,17,Richmond ,True,291
Marco51450704,2,0,,False,292
Miniarts159,11,863,Please,False,293
PrasanthDevire1,0,2,,False,294
Leon73403023,0,2,,False,295
JuhyungKim5,0,0,,False,296
BrickHeadAhhh,55,1807,,True,297
MahimaBhakta,123,19,,True,298
j_welfel,0,0,,False,299
AhasniNizar,28,133,,False,300
